RewriteRule ^AboutUs/recent-press\.asp /blog/category/news/press/ [R=301,L]
RewriteRule ^AboutUs/about-us\.asp /our-story/ [R=301,L]
RewriteRule ^AboutUs/meet-founders\.asp /our-story/#meet-the-founders [NE,R=301,L]
RewriteRule ^AboutUs/why-the-Laundress\.asp /our-story/#why-the-laundress [NE,R=301,L]
RewriteRule ^AboutUs/price_compare\.asp /our-story/#why-the-laundress [NE,R=301,L]
RewriteRule http://blog\.thelaundress\.com/wordpress/ /blog/ [R=301,L]
RewriteRule ^AboutUs/recent-press\.asp /blog/category/news/press/ [R=301,L]
RewriteRule ^AboutUs/recent-press\.asp /blog/category/news/press/ [R=301,L]
RewriteRule ^AboutUs/press-downloads\.asp /blog/category/news/press/ [R=301,L]
RewriteRule ^AboutUs/we-support\.asp /blog/category/favorite-things/friends-of-the-laundress/ [R=301,L]
RewriteRule ^ContactUs/contact-us\.asp /customer-service/ [R=301,L]
RewriteRule ^ContactUs/contact-us\.asp /customer-service/contact-us [R=301,L]
RewriteRule ^ContactUs/order-faq\.asp /faq/ [R=301,L]
RewriteRule ^terms\.asp /customer-service/terms/ [R=301,L]
RewriteRule ^ContactUs/worldwideshipping\.html /customer-service/shipping/ [R=301,L]
RewriteRule ^AboutUs/about-us\.asp /our-story/ [R=301,L]
RewriteRule ^AboutUs/about-us\.asp /our-story/ [R=301,L]
RewriteRule ^AboutUs/meet-founders\.asp /our-story/#meet-the-founders [NE,R=301,L]
RewriteRule ^AboutUs/why-the-Laundress\.asp /our-story/#why-the-laundress [NE,R=301,L]
RewriteRule ^AboutUs/price_compare\.asp /our-story/#why-the-laundress [NE,R=301,L]
RewriteRule http://www\.thelaundressny\.blogspot\.com/ /blog/ [R=301,L]
RewriteRule http://blog\.thelaundress\.com/wordpress/ /blog/ [R=301,L]
RewriteRule ^AboutUs/recent-press\.asp /blog/category/news/press/ [R=301,L]
RewriteRule ^AboutUs/press-downloads\.asp /customer-service/contact-us [R=301,L]
RewriteRule ^AboutUs/we-support\.asp /blog/category/favorite-things/friends-of-the-laundress/ [R=301,L]
RewriteRule ^AboutUs/enthusiasts\.asp /blog/recommended-resources-services/ [R=301,L]
RewriteRule ^AboutUs/testimonials\.asp /blog/category/washing-with-the-laundress/ask-the-laundress/ [R=301,L]
RewriteRule ^ThingsWeLove/1_22_13_Winter\.asp /blog/2013/01/21/things-we-love-banish-those-winter-blues/ [R=301,L]
RewriteRule ^ThingsWeLove/1_30_13_Read\.asp /blog/category/favorite-things/things-we-love/ [R=301,L]
RewriteRule ^ThingsWeLove/2_13_Gwen\.asp /blog/2013/02/07/things-we-love-gwens-perfect-birthday/ [R=301,L]
RewriteRule ^ThingsWeLove/2_24_WinterToSpring\.asp /blog/2013/02/25/things-we-love-winter-to-spring-transition/ [R=301,L]
RewriteRule ^ThingsWeLove/3_7_13_SpringFashion\.asp /blog/2013/03/21/things-we-love-spring-must-haves-2013/ [R=301,L]
RewriteRule ^ThingsWeLove/3_25_13_SpringEntertaining\.asp /blog/2013/03/28/things-we-love-spring-entertaining/ [R=301,L]
RewriteRule ^ThingsWeLove/4_5_13_SpringShowers\.asp /blog/2013/04/16/things-we-love-april-showers/ [R=301,L]
RewriteRule ^ThingsWeLove/4_20_13_LRessentials\.asp /blog/2013/06/03/things-we-love-laundry-room-essentials/ [R=301,L]
RewriteRule ^ThingsWeLove/5_5_13_MothersDay\.asp /blog/2013/05/07/things-we-love-mothers-day/ [R=301,L]
RewriteRule ^ThingsWeLove/5_21_13_SummerSeason\.asp /blog/2013/06/11/things-we-love-getting-ready-for-the-summer-season/ [R=301,L]
RewriteRule ^ThingsWeLove/6_7_13_Fitness\.asp /blog/2013/07/06/things-we-love-fitness/ [R=301,L]
RewriteRule ^ThingsWeLove/6_21_13_Summer\.asp /blog/2013/07/10/things-we-love-chic-summer-wardrobes/ [R=301,L]
RewriteRule ^ThingsWeLove/7_16_13_Summer\.asp /blog/2013/07/22/things-we-love-gwen-lindseys-summer-picks/ [R=301,L]
RewriteRule ^ThingsWeLove/7_22_13_LindsBDAY\.asp /blog/2013/07/23/things-we-love-lindseys-birthday/ [R=301,L]
RewriteRule ^ThingsWeLove/8_8_13_SummerEntertaining\.asp /blog/2013/08/13/things-we-love-summer-entertaining/ [R=301,L]
RewriteRule ^ThingsWeLove/8_21_13_BackToSchool\.asp /blog/2013/08/26/things-we-love-back-to-school/ [R=301,L]
RewriteRule ^ThingsWeLove/9_6_13_FallFashion\.asp /blog/2013/09/10/things-we-love-fall-picks/ [R=301,L]
RewriteRule ^ThingsWeLove/9_26_13_HomeFragrance\.asp /blog/2013/09/26/things-we-love-home-fragrance/ [R=301,L]
RewriteRule ^ThingsWeLove/10_11_13_Denim\.asp /blog/2013/10/11/things-we-love-denim/ [R=301,L]
RewriteRule ^ThingsWeLove/1_12_12_Mono\.asp /blog/2012/01/12/things-we-love-monogramming/ [R=301,L]
RewriteRule ^ThingsWeLove/1_27_12_Cashmere\.asp /blog/2013/01/27/things-we-love-cashmere/ [R=301,L]
RewriteRule ^ThingsWeLove/2_10_12_Winter\.asp /blog/2012/02/10/things-we-love-winter-2012/ [R=301,L]
RewriteRule ^ThingsWeLove/2_16_12_Gwen\.asp /blog/category/favorite-things/things-we-love/ [R=301,L]
RewriteRule ^ThingsWeLove/3_15_12_SpringCleaning\.asp /blog/2013/06/11/things-we-love-getting-ready-for-the-summer-season/ [R=301,L]
RewriteRule ^ThingsWeLove/4_2_12_Dusting\.asp /blog/2012/04/02/things-we-love-dusting/ [R=301,L]
RewriteRule ^ThingsWeLove/4_17_12_Vinegar\.asp /blog/2012/04/17/things-we-love-scented-vinegar/ [R=301,L]
RewriteRule ^ThingsWeLove/4_19_12_Bleach\.asp /blog/2012/07/24/things-we-love-about-our-all-purpose-bleach-alternative/ [R=301,L]
RewriteRule ^ThingsWeLove/4_19_12_JCrew\.asp /blog/2012/04/19/things-we-love-spring-shopping-at-j-crew/ [R=301,L]
RewriteRule ^ThingsWeLove/6_13_12_FathersDay\.asp /blog/2012/06/15/things-we-love-for-fathers-day-2/ [R=301,L]
RewriteRule ^ThingsWeLove/7_6_12_Garden\.asp /blog/2012/07/24/things-we-love-for-a-garden-party/ [R=301,L]
RewriteRule ^ThingsWeLove/7_27_12_Linds\.asp /blog/2012/07/27/things-we-love-lindseys-birthday-2/ [R=301,L]
RewriteRule ^ThingsWeLove/8_10_12_Closet\.asp /blog/2012/08/14/things-we-love-closets-storage/ [R=301,L]
RewriteRule ^ThingsWeLove/8_24_12_RI\.asp /blog/2012/08/24/things-we-love-discover-rhode-island-with-erica/ [R=301,L]
RewriteRule ^ThingsWeLove/9_10_12_FashionFriends\.asp /blog/2013/11/01/things-we-love-fashion-friends/ [R=301,L]
RewriteRule ^ThingsWeLove/9_21_12_Scents\.asp /blog/2012/10/08/a-guide-to-our-scents/ [R=301,L]
RewriteRule ^ThingsWeLove/10_4_12_Acc\.asp /blog/2010/04/12/things-we-love-storing-and-caring-for-accessories/ [R=301,L]
RewriteRule ^ThingsWeLove/10_22_12_Hal\.asp /blog/2012/10/23/things-we-love-for-halloween/ [R=301,L]
RewriteRule ^ThingsWeLove/11_12_12_Candles\.asp /blog/2011/12/12/things-we-love-candles/ [R=301,L]
RewriteRule ^ThingsWeLove/11_21_12_Gifts\.asp /blog/2012/12/13/things-we-love-gifts-for-him-her/ [R=301,L]
RewriteRule ^ThingsWeLove/11_30_12_12DaysXmas\.asp /blog/2012/12/05/things-we-love-the-twelve-days-of-christmas/ [R=301,L]
RewriteRule ^ThingsWeLove/12_11_12_LastMin\.asp /blog/2012/12/14/things-we-love-last-minute-gifts/ [R=301,L]
RewriteRule ^ThingsWeLove/12_31_12_Clean\.asp /blog/2012/12/31/things-we-love-new-years-cleaning-resolution/ [R=301,L]
RewriteRule ^ThingsWeLove/1_20_2011_Baby\.asp /blog/2011/10/12/83/ [R=301,L]
RewriteRule ^ThingsWeLove/2_3_2011_Tools\.asp /blog/2011/02/04/check-out/ [R=301,L]
RewriteRule ^ThingsWeLove/2_14_2011_Gwen\.asp /blog/category/favorite-things/things-we-love/ [R=301,L]
RewriteRule ^ThingsWeLove/2_24_2011_Winter\.asp /blog/category/favorite-things/things-we-love/ [R=301,L]
RewriteRule ^ThingsWeLove/3_10_2011_Chicago\.asp /blog/category/favorite-things/things-we-love/ [R=301,L]
RewriteRule ^ThingsWeLove/4_1_2011_Beckel\.asp /blog/category/favorite-things/things-we-love/ [R=301,L]
RewriteRule ^ThingsWeLove/4_18_2011_Newborns\.asp /blog/category/favorite-things/things-we-love/ [R=301,L]
RewriteRule ^ThingsWeLove/5_5_2011_Resources\.asp /blog/category/favorite-things/things-we-love/ [R=301,L]
RewriteRule ^ThingsWeLove/5_27_2011_Whites\.asp /blog/category/favorite-things/things-we-love/ [R=301,L]
RewriteRule ^ThingsWeLove/6_17_2011_Swim\.asp /blog/2012/07/25/things-we-love-for-summer-beach-tote-essentials-2/ [R=301,L]
RewriteRule ^ThingsWeLove/7_8_2011_NYCSummer\.asp /blog/category/favorite-things/things-we-love/ [R=301,L]
RewriteRule ^ThingsWeLove/7_25_2011_Lindsey\.asp /blog/category/favorite-things/things-we-love/ [R=301,L]
RewriteRule ^ThingsWeLove/8_8_2011_LRessentials\.asp /blog/2013/06/03/things-we-love-laundry-room-essentials/ [R=301,L]
RewriteRule ^ThingsWeLove/8_27_2011_Provence\.asp /blog/2011/08/27/things-we-love-tour-the-south-of-france-with-gwen/ [R=301,L]
RewriteRule ^ThingsWeLove/9_2_2011_USA\.asp /blog/category/favorite-things/things-we-love/ [R=301,L]
RewriteRule ^ThingsWeLove/9_12_11_NYCFashion\.asp /blog/category/favorite-things/things-we-love/ [R=301,L]
RewriteRule ^ThingsWeLove/10_5_11_FallCare\.asp /blog/category/favorite-things/things-we-love/ [R=301,L]
RewriteRule ^ThingsWeLove/10_21_11_Florence\.asp /blog/category/favorite-things/things-we-love/ [R=301,L]
RewriteRule ^ThingsWeLove/11_10_11_Fog\.asp /blog/2011/11/15/the-laundress-and-fog-linen/ [R=301,L]
RewriteRule ^ThingsWeLove/12_8_11_Under25\.asp /blog/2012/12/14/things-we-love-last-minute-gifts/ [R=301,L]
RewriteRule ^ThingsWeLove/12_20_11_HolidayGifts\.asp /blog/2012/12/14/things-we-love-last-minute-gifts/ [R=301,L]
RewriteRule ^ThingsWeLove/1_7_10_GreenNY\.asp /blog/category/favorite-things/things-we-love/ [R=301,L]
RewriteRule ^ThingsWeLove/1_29_10_Movies09\.asp /blog/category/favorite-things/things-we-love/ [R=301,L]
RewriteRule ^ThingsWeLove/2_4_10_Gwen\.asp /blog/category/favorite-things/things-we-love/ [R=301,L]
RewriteRule ^ThingsWeLove/2_17_10_Ski\.asp /blog/category/favorite-things/things-we-love/ [R=301,L]
RewriteRule ^ThingsWeLove/4_10_10_GreenCleaning\.asp /blog/category/favorite-things/things-we-love/ [R=301,L]
RewriteRule ^ (wrong link?) /blog/category/favorite-things/things-we-love/ [R=301,L]
RewriteRule ^ThingsWeLove/5_14_10_Wedding\.asp /blog/category/favorite-things/things-we-love/ [R=301,L]
RewriteRule ^ThingsWeLove/6_1_10_Baby\.asp /blog/category/favorite-things/things-we-love/ [R=301,L]
RewriteRule ^ThingsWeLove/6_24_10_Summer\.asp /blog/category/favorite-things/things-we-love/ [R=301,L]
RewriteRule ^ThingsWeLove/7_2_10_BBQ\.asp /blog/category/favorite-things/things-we-love/ [R=301,L]
RewriteRule ^ThingsWeLove/7_15_2010_LW\.asp /blog/category/favorite-things/things-we-love/ [R=301,L]
RewriteRule ^ThingsWeLove/8_5_10_Gardening\.asp /blog/category/favorite-things/things-we-love/ [R=301,L]
RewriteRule ^ThingsWeLove/8_23_2010_Kitchen\.asp /blog/category/favorite-things/things-we-love/ [R=301,L]
RewriteRule ^ThingsWeLove/9_2_2010_School\.asp /blog/category/favorite-things/things-we-love/ [R=301,L]
RewriteRule ^ThingsWeLove/9_16_2010_FallFashion\.asp /blog/2008/09/19/2212/ [R=301,L]
RewriteRule ^ThingsWeLove/10_1_2010FoodWine\.asp /blog/category/favorite-things/things-we-love/ [R=301,L]
RewriteRule ^ThingsWeLove/10_15_2010_Ironing\.asp /blog/category/favorite-things/things-we-love/ [R=301,L]
RewriteRule ^ThingsWeLove/10_28_2010_Tokyo\.asp /blog/category/favorite-things/things-we-love/ [R=301,L]
RewriteRule ^ThingsWeLove/11_17_2010_Thanksgiving\.asp /blog/category/favorite-things/things-we-love/ [R=301,L]
RewriteRule ^ThingsWeLove/12_3_2010_12DaysXmas\.asp /blog/category/favorite-things/things-we-love/ [R=301,L]
RewriteRule ^ThingsWeLove/12_24_2010_NewYears\.asp /blog/category/favorite-things/things-we-love/ [R=301,L]
RewriteRule ^ThingsWeLove/1_09_Japan\.asp /blog/category/favorite-things/things-we-love/ [R=301,L]
RewriteRule ^ThingsWeLove/4_10_EarthDay\.asp /blog/category/favorite-things/things-we-love/ [R=301,L]
RewriteRule ^ThingsWeLove/6_09_Tips\.asp /blog/category/favorite-things/things-we-love/ [R=301,L]
RewriteRule ^ThingsWeLove/8_28_School\.asp /blog/category/favorite-things/things-we-love/ [R=301,L]
RewriteRule ^ThingsWeLove/11_4_09_NYC\.asp /blog/category/favorite-things/things-we-love/ [R=301,L]
RewriteRule ^ThingsWeLove/2_09_GwenBDay\.asp /blog/category/favorite-things/things-we-love/ [R=301,L]
RewriteRule ^ThingsWeLove/4_24_BuenosAires\.asp /blog/category/favorite-things/things-we-love/ [R=301,L]
RewriteRule ^ThingsWeLove/6_20_London\.asp /blog/category/favorite-things/things-we-love/ [R=301,L]
RewriteRule ^ThingsWeLove/9_24_Chanel\.asp /blog/category/favorite-things/things-we-love/ [R=301,L]
RewriteRule ^ThingsWeLove/11_20_09_HolidayEntertaining\.asp /blog/category/favorite-things/things-we-love/ [R=301,L]
RewriteRule ^ThingsWeLove/2_09_BringingItHome\.asp /blog/category/favorite-things/things-we-love/ [R=301,L]
RewriteRule ^ThingsWeLove/5_1_LindseyWedding\.asp /blog/category/favorite-things/things-we-love/ [R=301,L]
RewriteRule ^ThingsWeLove/7_17_09_Sports\.asp /blog/category/favorite-things/things-we-love/ [R=301,L]
RewriteRule ^ThingsWeLove/10_2_fallfashion\.asp /blog/category/favorite-things/things-we-love/ [R=301,L]
RewriteRule ^ThingsWeLove/12_2_09_Gifts\.asp /blog/category/favorite-things/things-we-love/ [R=301,L]
RewriteRule ^ThingsWeLove/3_26_5Year\.asp /blog/category/favorite-things/things-we-love/ [R=301,L]
RewriteRule ^ThingsWeLove/5_23_MemorialDay\.asp /blog/category/favorite-things/things-we-love/ [R=301,L]
RewriteRule ^ (faulty link) /blog/category/favorite-things/things-we-love/ [R=301,L]
RewriteRule ^ThingsWeLove/10_21_Laundry\.asp /blog/category/favorite-things/things-we-love/ [R=301,L]
RewriteRule ^ThingsWeLove/12_9_09StockingStuffers\.asp /blog/category/favorite-things/things-we-love/ [R=301,L]
RewriteRule ^ThingsWeLove/indexParis\.asp /blog/category/favorite-things/things-we-love/ [R=301,L]
RewriteRule ^ThingsWeLove/indexFathersDay08\.asp /blog/category/favorite-things/things-we-love/ [R=301,L]
RewriteRule ^ThingsWeLove/indexFallFashion08\.asp /blog/category/favorite-things/things-we-love/ [R=301,L]
RewriteRule ^ThingsWeLove/indexHoliday08\.asp /blog/category/favorite-things/things-we-love/ [R=301,L]
RewriteRule ^ThingsWeLove/indexVal2008\.asp /blog/category/favorite-things/things-we-love/ [R=301,L]
RewriteRule ^ThingsWeLove/indexEarthDay08\.asp /blog/category/favorite-things/things-we-love/ [R=301,L]
RewriteRule ^ThingsWeLove/indexLaurenBDay\.asp /blog/category/favorite-things/things-we-love/ [R=301,L]
RewriteRule ^ThingsWeLove/indexNYC08\.asp /blog/category/favorite-things/things-we-love/ [R=301,L]
RewriteRule ^ThingsWeLove/indexStockingStuffers08\.asp /blog/category/favorite-things/things-we-love/ [R=301,L]
RewriteRule ^ThingsWeLove/indexGwenBDay08\.asp /blog/category/favorite-things/things-we-love/ [R=301,L]
RewriteRule ^ThingsWeLove/indexMothersDay08\.asp /blog/category/favorite-things/things-we-love/ [R=301,L]
RewriteRule ^ThingsWeLove/indexLindseyBDay\.asp /blog/category/favorite-things/things-we-love/ [R=301,L]
RewriteRule ^ThingsWeLove/indexHalloween08\.asp /blog/category/favorite-things/things-we-love/ [R=301,L]
RewriteRule ^ThingsWeLove/12_08_NewYears\.asp /blog/category/favorite-things/things-we-love/ [R=301,L]
RewriteRule ^ThingsWeLove/indexSpringCleaning08\.asp /blog/category/favorite-things/things-we-love/ [R=301,L]
RewriteRule ^ThingsWeLove/indexSummer08\.asp /blog/category/favorite-things/things-we-love/ [R=301,L]
RewriteRule ^ThingsWeLove/indexThanksgiving08\.asp /blog/category/favorite-things/things-we-love/ [R=301,L]
RewriteRule ^ThingsWeLove/indexWhites\.asp /blog/category/favorite-things/things-we-love/ [R=301,L]
RewriteRule ^ThingsWeLove/indexMen\.asp /blog/category/favorite-things/things-we-love/ [R=301,L]
RewriteRule ^ThingsWeLove/indexOctober\.asp /blog/category/favorite-things/things-we-love/ [R=301,L]
RewriteRule ^ThingsWeLove/indexMonogram\.asp /blog/category/favorite-things/things-we-love/ [R=301,L]
RewriteRule ^ThingsWeLove/indexNewYears08\.asp /blog/category/favorite-things/things-we-love/ [R=301,L]
RewriteRule ^ThingsWeLove/indexBeach\.asp /blog/category/favorite-things/things-we-love/ [R=301,L]
RewriteRule ^ThingsWeLove/indexFall\.asp /blog/category/favorite-things/things-we-love/ [R=301,L]
RewriteRule ^ThingsWeLove/indexCashmere\.asp /blog/category/favorite-things/things-we-love/ [R=301,L]
RewriteRule ^ThingsWeLove/indexGifts07\.asp /blog/category/favorite-things/things-we-love/ [R=301,L]
RewriteRule ^merchant\.mvc?Screen=CTGY&Category_Code=handWashingService /washing-service [R=301,L]
RewriteRule ^merchant\.mvc?Screen=CTGY&Category_Code=1-DET /laundry-fabric-care [R=301,L]
RewriteRule ^merchant\.mvc?Screen=CTGY&Category_Code=100sigDet /laundry-fabric-care/detergents-fabric-care/signature-detergent [R=301,L]
RewriteRule ^merchant\.mvc?Screen=CTGY&Category_Code=sigDetUnscented /laundry-fabric-care/detergents-fabric-care/signature-detergent-unscented [R=301,L]
RewriteRule ^merchant\.mvc?Screen=CTGY&Category_Code=105whitesDet /laundry-fabric-care/detergents-fabric-care/whites-detergent [R=301,L]
RewriteRule ^merchant\.mvc?Screen=CTGY&Category_Code=115darksDet /laundry-fabric-care/detergents-fabric-care/darks-detergent [R=301,L]
RewriteRule ^merchant\.mvc?Screen=CTGY&Category_Code=120babyDet /laundry-fabric-care/detergents-fabric-care/baby-detergent [R=301,L]
RewriteRule ^merchant\.mvc?Screen=CTGY&Category_Code=125delWash /laundry-fabric-care/detergents-fabric-care/delicate-wash [R=301,L]
RewriteRule ^merchant\.mvc?Screen=CTGY&Category_Code=130swimwearCare /laundry-fabric-care/detergents-fabric-care/sport-detergent [R=301,L]
RewriteRule ^merchant\.mvc?Screen=CTGY&Category_Code=135woolCash /laundry-fabric-care/detergents-fabric-care/wool-cashmere-shampoo [R=301,L]
RewriteRule ^merchant\.mvc?Screen=CTGY&Category_Code=145denimWash /laundry-fabric-care/detergents-fabric-care/denim-wash [R=301,L]
RewriteRule ^merchant\.mvc?Screen=CTGY&Category_Code=200fabConditioner /laundry-fabric-care/detergents-fabric-care/fabric-conditioner-classic [R=301,L]
RewriteRule ^merchant\.mvc?Screen=CTGY&Category_Code=205ironWater /laundry-fabric-care/detergents-fabric-care/ironing-water [R=301,L]
RewriteRule ^merchant\.mvc?Screen=CTGY&Category_Code=210fabFresh /laundry-fabric-care/detergents-fabric-care/fabric-fresh-classic [R=301,L]
RewriteRule ^merchant\.mvc?Screen=CTGY&Category_Code=215creaseRelease /laundry-fabric-care/detergents-fabric-care/crease-release [R=301,L]
RewriteRule ^merchant\.mvc?Screen=CTGY&Category_Code=220staticSol /laundry-fabric-care/detergents-fabric-care/static-solution [R=301,L]
RewriteRule ^merchant\.mvc?Screen=CTGY&Category_Code=225stiffenUp /laundry-fabric-care/detergents-fabric-care/stiffen-up [R=301,L]
RewriteRule ^merchant\.mvc?Screen=CTGY&Category_Code=230stainSol /laundry-fabric-care/detergents-fabric-care/stain-solution [R=301,L]
RewriteRule ^merchant\.mvc?Screen=CTGY&Category_Code=235babyFabCond /laundry-fabric-care/detergents-fabric-care/conditioner-baby [R=301,L]
RewriteRule ^merchant\.mvc?Screen=CTGY&Category_Code=LeLaboRose31SigDet /laundry-fabric-care/detergents-fabric-care/labo-rose [R=301,L]
RewriteRule ^merchant\.mvc?Screen=CTGY&Category_Code=sportDet /laundry-fabric-care/detergents-fabric-care/sport-detergent [R=301,L]
RewriteRule ^merchant\.mvc?Screen=CTGY&Category_Code=sportSpray /laundry-fabric-care/detergents-fabric-care/sport-spray [R=301,L]
RewriteRule ^merchant\.mvc?Screen=CTGY&Category_Code=WCSpray /laundry-fabric-care/detergents-fabric-care/wool-cashmere-spray [R=301,L]
RewriteRule ^merchant\.mvc?Screen=CTGY&Category_Code=wash /laundry-fabric-care/detergents-fabric-care/wash-stain-bar [R=301,L]
RewriteRule ^merchant\.mvc?Screen=CTGY&Category_Code=Detbleach /laundry-fabric-care/detergents-fabric-care/bleach-alternative [R=301,L]
RewriteRule ^merchant\.mvc?Screen=CTGY&Category_Code=labosantal /laundry-fabric-care/detergents-fabric-care/labo-santal [R=301,L]
RewriteRule ^merchant\.mvc?Screen=CTGY&Category_Code=ffbaby /laundry-fabric-care/detergents-fabric-care/fabric-fresh-baby [R=301,L]
RewriteRule ^merchant\.mvc?Screen=CTGY&Category_Code=delspray /laundry-fabric-care/detergents-fabric-care/delicate-spray [R=301,L]
RewriteRule ^merchant\.mvc?Screen=CTGY&Category_Code=3-ACC /laundry-fabric-care/bags-tools [R=301,L]
RewriteRule ^merchant\.mvc?Screen=CTGY&Category_Code=415apresCream /apres-laundry-cream [R=301,L]
RewriteRule ^merchant\.mvc?Screen=CTGY&Category_Code=handSoapLR /hand-soap [R=301,L]
RewriteRule ^merchant\.mvc?Screen=CTGY&Category_Code=soapAndApresLR /cream-soap-duo [R=301,L]
RewriteRule ^merchant\.mvc?Screen=CTGY&Category_Code=STONE-ACC /laundry-fabric-care/bags-tools/sweater-stone [R=301,L]
RewriteRule ^merchant\.mvc?Screen=CTGY&Category_Code=IBAcc /ironing-board-cover [R=301,L]
RewriteRule ^merchant\.mvc?Screen=CTGY&Category_Code=365MeshWashingAC /laundry-fabric-care/bags-tools/mesh-bags [R=301,L]
RewriteRule ^merchant\.mvc?Screen=CTGY&Category_Code=brushACC /laundry-fabric-care/bags-tools/stain-brush [R=301,L]
RewriteRule ^merchant\.mvc?Screen=CTGY&Category_Code=AccCash /laundry-fabric-care/bags-tools/cashmere-brush [R=301,L]
RewriteRule ^merchant\.mvc?Screen=CTGY&Category_Code=AccCloth /laundry-fabric-care/bags-tools/upholstery-brush [R=301,L]
RewriteRule ^merchant\.mvc?Screen=CTGY&Category_Code=ironingtable /laundry-fabric-care/bags-tools/ironing-table [R=301,L]
RewriteRule ^merchant\.mvc?Screen=CTGY&Category_Code=steamer /laundry-fabric-care/bags-tools/jiffy-steamer [R=301,L]
RewriteRule ^merchant\.mvc?Screen=CTGY&Category_Code=comb /laundry-fabric-care/bags-tools/sweater-comb [R=301,L]
RewriteRule ^merchant\.mvc?Screen=CTGY&Category_Code=lavender /lavender-pouch [R=301,L]
RewriteRule ^merchant\.mvc?Screen=CTGY&Category_Code=pet /laundry-fabric-care/bags-tools/pet-lint-brush [R=301,L]
RewriteRule ^merchant\.mvc?Screen=CTGY&Category_Code=laundrybin /laundry-fabric-care/bags-tools/laundry-bin [R=301,L]
RewriteRule ^merchant\.mvc?Screen=CTGY&Category_Code=DSclassic /drawer-sheet-classic [R=301,L]
RewriteRule ^merchant\.mvc?Screen=CTGY&Category_Code=DSlady /drawer-sheets-lady [R=301,L]
RewriteRule ^merchant\.mvc?Screen=CTGY&Category_Code=DScedar /drawer-sheet-cedar [R=301,L]
RewriteRule ^merchant\.mvc?Screen=CTGY&Category_Code=DSbaby /drawer-sheet-baby [R=301,L]
RewriteRule ^merchant\.mvc?Screen=CTGY&Category_Code=beckel /laundry-fabric-care/closet-and-storage [R=301,L]
RewriteRule ^merchant\.mvc?Screen=CTGY&Category_Code=hotelLaundryBagLR /laundry-fabric-care/bags-tools/hotel-laundry-bag [R=301,L]
RewriteRule ^merchant\.mvc?Screen=CTGY&Category_Code=ShopperAcc /laundry-fabric-care/bags-tools/laundress-shopper [R=301,L]
RewriteRule ^merchant\.mvc?Screen=CTGY&Category_Code=StorageBag /laundry-fabric-care/bags-tools/all-purpose-storage-bag [R=301,L]
RewriteRule ^merchant\.mvc?Screen=CTGY&Category_Code=tote /beckel-tote [R=301,L]
RewriteRule ^merchant\.mvc?Screen=CTGY&Category_Code=bed /laundry-fabric-care/bags-tools/under-bed-storage [R=301,L]
RewriteRule ^merchant\.mvc?Screen=CTGY&Category_Code=cube /laundry-fabric-care/bags-tools/storage-cube [R=301,L]
RewriteRule ^merchant\.mvc?Screen=CTGY&Category_Code=storage /laundry-fabric-care/bags-tools/medium-storage-bag [R=301,L]
RewriteRule ^merchant\.mvc?Screen=CTGY&Category_Code=storage /laundry-fabric-care/bags-tools/large-storage-bag [R=301,L]
RewriteRule ^merchant\.mvc?Screen=CTGY&Category_Code=storage /laundry-fabric-care/bags-tools/xlarge-storage-bag [R=301,L]
RewriteRule ^merchant\.mvc?Screen=CTGY&Category_Code=storage /laundry-fabric-care/bags-tools/storage-bag-bundle [R=301,L]
RewriteRule ^merchant\.mvc?Screen=CTGY&Category_Code=hamper /laundry-fabric-care/bags-tools/mini-hamper [R=301,L]
RewriteRule ^merchant\.mvc?Screen=CTGY&Category_Code=hamper /laundry-fabric-care/bags-tools/mini-regular-hamper [R=301,L]
RewriteRule ^merchant\.mvc?Screen=CTGY&Category_Code=hamper /laundry-fabric-care/bags-tools/regular-hamper [R=301,L]
RewriteRule ^merchant\.mvc?Screen=CTGY&Category_Code=lavenders /laundry-fabric-care/closet-and-storage/lavender-pouch [R=301,L]
RewriteRule ^merchant\.mvc?Screen=CTGY&Category_Code=homeCleaning /for-the-home [R=301,L]
RewriteRule ^merchant\.mvc?Screen=CTGY&Category_Code=bleachAltLR /for-the-home/home-cleaning/bleach-alternative [R=301,L]
RewriteRule ^merchant\.mvc?Screen=CTGY&Category_Code=HCvinegar /for-the-home/home-cleaning/scented-vinegar [R=301,L]
RewriteRule ^merchant\.mvc?Screen=CTGY&Category_Code=HCdish /for-the-home/home-cleaning/dish-detergent [R=301,L]
RewriteRule ^merchant\.mvc?Screen=CTGY&Category_Code=HCglass /for-the-home/home-cleaning/glass-mirror-cleaner [R=301,L]
RewriteRule ^merchant\.mvc?Screen=CTGY&Category_Code=HCsurface /for-the-home/home-cleaning/surface-cleaner [R=301,L]
RewriteRule ^merchant\.mvc?Screen=CTGY&Category_Code=HCconcen /for-the-home/home-cleaning/cleaning-concentrate [R=301,L]
RewriteRule ^merchant\.mvc?Screen=CTGY&Category_Code=HCspray /for-the-home/home-cleaning/home-spray [R=301,L]
RewriteRule ^merchant\.mvc?Screen=CTGY&Category_Code=HCcloths /for-the-home/cleaning-tools/lint-free-cloths [R=301,L]
RewriteRule ^merchant\.mvc?Screen=CTGY&Category_Code=HCsoapbar /for-the-home/home-cleaning/kitchen-soap-bar [R=301,L]
RewriteRule ^merchant\.mvc?Screen=CTGY&Category_Code=HCscrub /for-the-home/cleaning-tools/scrub-brush [R=301,L]
RewriteRule ^merchant\.mvc?Screen=CTGY&Category_Code=AccGoat /for-the-home/cleaning-tools/goat-hair-duster [R=301,L]
RewriteRule ^merchant\.mvc?Screen=CTGY&Category_Code=AccGlass /for-the-home/cleaning-tools/glass-crystal-brush [R=301,L]
RewriteRule ^merchant\.mvc?Screen=CTGY&Category_Code=AccHorse /for-the-home/cleaning-tools/horse-hair-broom [R=301,L]
RewriteRule ^merchant\.mvc?Screen=CTGY&Category_Code=linenduster /for-the-home/cleaning-tools/linen-duster [R=301,L]
RewriteRule ^merchant\.mvc?Screen=CTGY&Category_Code=copper /for-the-home/cleaning-tools/copper-cloth [R=301,L]
RewriteRule ^merchant\.mvc?Screen=CTGY&Category_Code=smspace /for-the-home/cleaning-tools/duster-small-spaces [R=301,L]
RewriteRule ^merchant\.mvc?Screen=CTGY&Category_Code=feather /for-the-home/cleaning-tools/feather-duster [R=301,L]
RewriteRule ^merchant\.mvc?Screen=CTGY&Category_Code=dishb /for-the-home/cleaning-tools/dish-brush [R=301,L]
RewriteRule ^merchant\.mvc?Screen=CTGY&Category_Code=HomeFrag /for-the-home/candles [R=301,L]
RewriteRule ^merchant\.mvc?Screen=CTGY&Category_Code=cedarcandle /for-the-home/candles/cedar-candle [R=301,L]
RewriteRule ^merchant\.mvc?Screen=CTGY&Category_Code=247candle /for-the-home/candles/247-candle [R=301,L]
RewriteRule ^merchant\.mvc?Screen=CTGY&Category_Code=ladycandle /for-the-home/candles/lady-candle [R=301,L]
RewriteRule ^merchant\.mvc?Screen=CTGY&Category_Code=setcandle /for-the-home/candles/candle-set [R=301,L]
RewriteRule ^merchant\.mvc?Screen=CTGY&Category_Code=01-Monogram /laundry-fabric-care/monogram-shop [R=301,L]
RewriteRule ^merchant\.mvc?Screen=CTGY&Category_Code=hotelLaundryBagM /laundry-fabric-care/monogram-shop/hotel-laundry-bag [R=301,L]
RewriteRule ^merchant\.mvc?Screen=CTGY&Category_Code=MStorageBag /laundry-fabric-care/monogram-shop/all-purpose-storage-bag [R=301,L]
RewriteRule ^merchant\.mvc?Screen=CTGY&Category_Code=BCbed /laundry-fabric-care/monogram-shop/under-bed-storage [R=301,L]
RewriteRule ^merchant\.mvc?Screen=CTGY&Category_Code=BCcube /laundry-fabric-care/monogram-shop/storage-cube [R=301,L]
RewriteRule ^merchant\.mvc?Screen=CTGY&Category_Code=BCstorage /laundry-fabric-care/monogram-shop/under-bed-storage [R=301,L]
RewriteRule ^merchant\.mvc?Screen=CTGY&Category_Code=BCstorage /laundry-fabric-care/monogram-shop/large-storage-bag [R=301,L]
RewriteRule ^merchant\.mvc?Screen=CTGY&Category_Code=BCstorage /laundry-fabric-care/monogram-shop/xlarge-storage-bag [R=301,L]
RewriteRule ^merchant\.mvc?Screen=CTGY&Category_Code=BCstorage /laundry-fabric-care/monogram-shop/storage-bag-bundle [R=301,L]
RewriteRule ^merchant\.mvc?Screen=CTGY&Category_Code=BChamper /laundry-fabric-care/monogram-shop/mini-hamper [R=301,L]
RewriteRule ^merchant\.mvc?Screen=CTGY&Category_Code=BChamper /laundry-fabric-care/monogram-shop/mini-regular-hamper [R=301,L]
RewriteRule ^merchant\.mvc?Screen=CTGY&Category_Code=BChamper /laundry-fabric-care/monogram-shop/regular-hamper [R=301,L]
RewriteRule ^merchant\.mvc?Screen=CTGY&Category_Code=monolint /for-the-home/monogram-shop/lint-free-cloths [R=301,L]
RewriteRule ^merchant\.mvc?Screen=CTGY&Category_Code=monolinen /for-the-home/monogram-shop/white-linen-cloth [R=301,L]
RewriteRule ^merchant\.mvc?Screen=CTGY&Category_Code=bctote /laundry-fabric-care/monogram-shop/beckel-tote [R=301,L]
RewriteRule ^merchant\.mvc?Screen=CTGY&Category_Code=1cocktail /for-the-home/monogram-shop [R=301,L]
RewriteRule ^merchant\.mvc?Screen=CTGY&Category_Code=1napkin /for-the-home/monogram-shop [R=301,L]
RewriteRule ^merchant\.mvc?Screen=CTGY&Category_Code=2-FC /for-the-home [R=301,L]
RewriteRule ^merchant\.mvc?Screen=CTGY&Store_Code=TL&Category_Code=whitelinen /for-the-home/cleaning-tools/white-linen-cloth [R=301,L]
RewriteRule ^merchant\.mvc?Screen=CTGY&Store_Code=TL&Category_Code=whitegauze /for-the-home/cleaning-tools/white-gauze-cloth [R=301,L]
RewriteRule ^merchant\.mvc?Screen=CTGY&Category_Code=smlinen /white-linen-cloth [R=301,L]
RewriteRule ^merchant\.mvc?Screen=CTGY&Category_Code=dishcloth /for-the-home/cleaning-tools/knit-dish-cloth [R=301,L]
RewriteRule ^merchant\.mvc?Screen=CTGY&Category_Code=napkin /for-the-home/cleaning-tools [R=301,L]
RewriteRule ^merchant\.mvc?Screen=CTGY&Category_Code=cocktail /for-the-home/cleaning-tools [R=301,L]
RewriteRule ^merchant\.mvc?Screen=CTGY&Category_Code=6-TRAVEL /laundry-fabric-care/travel-trial-size [R=301,L]
RewriteRule ^merchant\.mvc?Screen=CTGY&Store_Code=TL&Category_Code=605TravelPack-Travel /laundry-fabric-care/travel-trial-size/travel-kit [R=301,L]
RewriteRule ^merchant\.mvc?Screen=CTGY&Category_Code=WashStainBarsTravel /laundry-fabric-care/travel-trial-size/wash-stain-bar [R=301,L]
RewriteRule ^merchant\.mvc?Screen=CTGY&Category_Code=onSpotTravel /laundry-fabric-care/travel-trial-size/on-the-spot [R=301,L]
RewriteRule ^merchant\.mvc?Screen=CTGY&Category_Code=hotelLaundryBagTravel /hotel-laundry-bag [R=301,L]
RewriteRule ^merchant\.mvc?Screen=CTGY&Category_Code=ShopperTravel /laundress-shopper [R=301,L]
RewriteRule ^merchant\.mvc?Screen=CTGY&Category_Code=50-Baby /laundry-fabric-care/just-for-baby [R=301,L]
RewriteRule ^merchant\.mvc?Screen=CTGY&Category_Code=160WashStainBars /laundry-fabric-care/just-for-baby/wash-stain-bar [R=301,L]
RewriteRule ^merchant\.mvc?Screen=CTGY&Category_Code=5001-BabyDet /laundry-fabric-care/just-for-baby/baby-detergent [R=301,L]
RewriteRule ^merchant\.mvc?Screen=CTGY&Category_Code=5005-BabyFabCond /laundry-fabric-care/just-for-baby/conditioner-baby [R=301,L]
RewriteRule ^merchant\.mvc?Screen=CTGY&Category_Code=5100-Stain /laundry-fabric-care/just-for-baby/stain-solution [R=301,L]
RewriteRule ^merchant\.mvc?Screen=CTGY&Category_Code=5450-BabyGiftBag /laundry-fabric-care/just-for-baby/baby-gift-bag [R=301,L]
RewriteRule ^merchant\.mvc?Screen=CTGY&Category_Code=305hotelLaundryBag /hotel-laundry-bag [R=301,L]
RewriteRule ^merchant\.mvc?Screen=CTGY&Category_Code=brushDC /laundry-fabric-care/just-for-baby/stain-brush [R=301,L]
RewriteRule ^merchant\.mvc?Screen=CTGY&Category_Code=bleachDC /laundry-fabric-care/just-for-baby/bleach-alternative [R=301,L]
RewriteRule ^merchant\.mvc?Screen=CTGY&Category_Code=baby_ff /laundry-fabric-care/just-for-baby/fabric-fresh-baby [R=301,L]
RewriteRule ^merchant\.mvc?Screen=CTGY&Category_Code=DSbaby2 /drawer-sheet-baby [R=301,L]
RewriteRule ^merchant\.mvc?Screen=CTGY&Category_Code=5-Gifts /laundry-fabric-care/gifts [R=301,L]
RewriteRule ^merchant\.mvc?Screen=CTGY&Category_Code=540TravelPackGifts /laundry-fabric-care/gifts/travel-kit [R=301,L]
RewriteRule ^merchant\.mvc?Screen=CTGY&Category_Code=530BabyGiftBag /laundry-fabric-care/gifts/baby-gift-bag [R=301,L]
RewriteRule ^merchant\.mvc?Screen=CTGY&Category_Code=apresCreamGifts /laundry-fabric-care/gifts/apres-laundry-cream [R=301,L]
RewriteRule ^merchant\.mvc?Screen=CTGY&Category_Code=handSoapGifts /laundry-fabric-care/gifts/hand-soap [R=301,L]
RewriteRule ^merchant\.mvc?Screen=CTGY&Category_Code=OnSpotGift /laundry-fabric-care/gifts/on-the-spot [R=301,L]
RewriteRule ^merchant\.mvc?Screen=CTGY&Category_Code=soapAndCreamGifts /laundry-fabric-care/gifts/cream-soap-duo [R=301,L]
RewriteRule ^merchant\.mvc?Screen=CTGY&Category_Code=ShopperGifts /laundry-fabric-care/gifts/laundress-shopper [R=301,L]
RewriteRule ^merchant\.mvc?Screen=CTGY&Category_Code=giftduo /laundry-fabric-care/gifts/labo-gift-set [R=301,L]
RewriteRule ^merchant\.mvc?Screen=CTGY&Category_Code=woolgift /laundry-fabric-care/gifts/wool-cashmere-gift [R=301,L]
RewriteRule ^merchant\.mvc?Screen=CTGY&Category_Code=dishgift /for-the-home/gifts/dish-gift-bag [R=301,L]
RewriteRule ^merchant\.mvc?Screen=CTGY&Category_Code=denimgift /laundry-fabric-care/gifts/denim-gift-bag [R=301,L]
RewriteRule ^merchant\.mvc?Screen=CTGY&Category_Code=delicategift /laundry-fabric-care/gifts/delicate-gift-bag [R=301,L]
RewriteRule ^merchant\.mvc?Screen=CTGY&Category_Code=clothgift /laundry-fabric-care/gifts/clothing-upholstery-gift [R=301,L]
RewriteRule ^merchant\.mvc?Screen=CTGY&Category_Code=3-1Scents /for-the-home/home-fragrances [R=301,L]
RewriteRule ^merchant\.mvc?Screen=CTGY&Category_Code=asSeenInDailyCandy /blog/2013/04/11/the-laundress-daily-candy-videos-how-to-wash-your-delicates/ [R=301,L]
RewriteRule ^merchant\.mvc?Screen=CTGY&Category_Code=stoneDC /sweater-stone [R=301,L]
RewriteRule ^merchant\.mvc?Screen=CTGY&Category_Code=delicateDC /delicate-wash [R=301,L]
RewriteRule ^merchant\.mvc?Screen=CTGY&Category_Code=washbarDC /wash-stain-bar [R=301,L]
RewriteRule ^merchant\.mvc?Screen=CTGY&Category_Code=meshDC /mesh-bags [R=301,L]
RewriteRule ^merchant\.mvc?Screen=CTGY&Category_Code=stainDC /stain-solution [R=301,L]
RewriteRule ^merchant\.mvc?Screen=CTGY&Category_Code=woolDC /wool-cashmere-shampoo [R=301,L]
RewriteRule ^merchant\.mvc?Screen=CTGY&Category_Code=HolidayGifts /laundry-fabric-care/gifts [R=301,L]
RewriteRule ^merchant\.mvc?Screen=CTGY&Category_Code=HolGTravelPack /laundry-fabric-care/gifts/travel-kit [R=301,L]
RewriteRule ^merchant\.mvc?Screen=CTGY&Category_Code=OnSpotHolG /laundry-fabric-care/gifts/on-the-spot [R=301,L]
RewriteRule ^merchant\.mvc?Screen=CTGY&Category_Code=holgiftduo /laundry-fabric-care/gifts/labo-gift-set [R=301,L]
RewriteRule ^merchant\.mvc?Screen=CTGY&Category_Code=hsetcandle /for-the-home/gifts/candle-set [R=301,L]
RewriteRule ^merchant\.mvc?Screen=CTGY&Category_Code=hcedarcandle /for-the-home/gifts/cedar-candle [R=301,L]
RewriteRule ^merchant\.mvc?Screen=CTGY&Category_Code=h247candle /for-the-home/gifts/247-candle [R=301,L]
RewriteRule ^merchant\.mvc?Screen=CTGY&Category_Code=hladycandle /for-the-home/gifts/lady-candle [R=301,L]
RewriteRule ^LaundryTips/PDFs/washingChart\.pdf /blog/category/ask-the-laundress/can-it-be-washed [R=301,L]
RewriteRule ^LaundryTips/fabricGlossary\.asp /blog/byfabric/ [R=301,L]
RewriteRule ^LaundryTips/recipes\.asp /blog/# [NE,R=301,L]
RewriteRule ^LaundryTips/cashmere\.asp /blog/?s=recipe+washing+wool [R=301,L]
RewriteRule ^LaundryTips/pits\.asp /blog/?s=recipe+stain+removal [R=301,L]
RewriteRule ^LaundryTips/denim\.asp /blog/?s=recipe+denim [R=301,L]
RewriteRule ^LaundryTips/washingDelicates\.asp /blog/?s=recipe+silk [R=301,L]
RewriteRule ^LaundryTips/babyChildrens\.asp /blog/?s=recipe+baby [R=301,L]
RewriteRule ^LaundryTips/caringForDarks\.asp /blog/?s=recipe+darks [R=301,L]
RewriteRule ^LaundryTips/vinegarRecipe\.asp /blog/project/tips-tricks-for-cleaning-with-vinegar/ [R=301,L]
RewriteRule ^LaundryTips/conserveEnergyTips\.asp /blog/project/tips-tricks-for-conserving-energy/ [R=301,L]
RewriteRule ^LaundryTips/mothPrevention\.asp /blog/project/moth-silverfish-bug-prevention-plus-post-moth-care/ [R=301,L]
RewriteRule ^LaundryTips/machineMaintenance\.asp /blog/project/tips-tricks-for-machine-maintenance/ [R=301,L]
RewriteRule ^LaundryTips/caringForDressShirts\.asp /blog/project/recipe-for-laundering-dress-shirts/ [R=301,L]
RewriteRule ^LaundryTips/Storage\.asp /blog/project/tipstricks-for-seasonal-storage/ [R=301,L]
RewriteRule ^LaundryTips/activewear\.asp /blog/project/recipe-for-washing-sportswear/ [R=301,L]
RewriteRule ^LaundryTips/swimwear\.asp /blog/project/recipe-for-washing-swimwear/ [R=301,L]
RewriteRule ^LaundryTips/blazersSuits\.asp /blog/project/recipe-for-washing-suits-blazers/ [R=301,L]
RewriteRule ^LaundryTips/moldRemoval\.asp /blog/project/tipstricks-for-dealing-with-mildew-mold/ [R=301,L]
RewriteRule ^LaundryTips/askTheLaundress\.asp /blog/category/washing-with-the-laundress/ask-the-laundress/ [R=301,L]
RewriteRule ^WhereToFindUs/find-us\.asp /customer-service/find-a-store/ [R=301,L]
RewriteRule ^WhereToFindUs/find-us\.asp /customer-service/find-a-store/ [R=301,L]
RewriteRule ^WhereToFindUs/trade_shows\.asp /customer-service/contact-us [R=301,L]
RewriteRule ^WhereToFindUs/showroomsReps\.asp /customer-service/contact-us [R=301,L]
RewriteRule ^ContactUs/contact-us\.asp /customer-service/ [R=301,L]
RewriteRule ^terms\.asp /customer-service/terms/ [R=301,L]
RewriteRule ^privacy\.asp /customer-service/privacypolicy/ [R=301,L]
RewriteRule ^ContactUs/worldwideshipping\.html /customer-service/shipping/ [R=301,L]
